experiment,virus_identity,Sample,well_total,Stotal,Sample_Well,S_index,S_index2,R_index,R_index2,S2,S2_spike,RPP30,RPP30_spike,S2_normalized_to_S2_spike,RPP30_Detected,SARS_COV_2_Detected,Matrix.Tube.Barcode,NPResult,Ct,SARS_COV_2_prob
34,S-005,Plate7-E03,5318,17,E03,TACTGTTGCC,TGAAGCAAGA,AGGCCACTTC,CAATACGGAA,0,17,5301,0,0.0555555556,TRUE,Inconclusive,368283814,DETECTED,32.1,0.9999999999
34,S-007,Plate7-E01,3814,35,E01,GGTACGTCAC,CATGAGACGA,CCTATAAGGT,GCATTCGGAC,9,26,3762,17,0.3703703704,TRUE,Inconclusive,368285402,DETECTED,22,1
34,S-009,Plate7-D06,5033,475,D06,CATGTGGTAT,TCGAGAACAG,CTTCTCTTGG,CATGGCATTA,0,475,4550,8,0.0021008403,TRUE,Inconclusive,368285279,DETECTED,31.5,3.71305456459391E-06
34,S-017,Plate7-D04,20362,16174,D04,TCCGATGTGG,CAAGCGTACC,CCGACCTTAA,AGCAGTAGAG,15217,957,3969,219,15.885177453,TRUE,TRUE,368314383,DETECTED,13.5,1
34,S-020,Plate7-C07,37145,31791,C07,TCTCTCGTTC,CACCTTACAA,CGTGTTCATC,CTTCTCAAGT,3923,27868,5205,149,0.1408016075,TRUE,TRUE,368296365,DETECTED,17.5,1
34,S-022,Plate7-G07,35242,31757,G07,TCACTCACTT,CCTCGCCTTA,TTAGATCGCT,ATTCGAACGT,2,31755,3483,2,9.44703363143973E-05,TRUE,FALSE,368313590,DETECTED,33.2,0.0005074035
34,S-024,Plate7-C01,50720,46338,C01,GGTCTTCCTG,ACAGTTCTGA,TGAGCATTGT,GATAACGAGG,42182,4156,4327,55,10.1474621121,TRUE,TRUE,368313572,DETECTED,16,1
34,S-025,Plate7-A01,58250,52569,A01,ACGATGAGTC,AAGGCATAGT,CTCGCTATGT,CGGTTGTATG,23682,28887,5536,145,0.8198213791,TRUE,TRUE,368313618,DETECTED,16.7,1
34,S-027,Plate7-H06,3,0,H06,GTCTTCAACC,CGGAAGTGAG,CGGTAGGATT,TGCCATCCTC,0,0,3,0,1,FALSE,Inconclusive,368298557,DETECTED,22,1
34,S-029,Plate7-G05,48697,44938,G05,ACTCCGGTCT,TGCCTTGCAT,AGATCTCTTG,CGTGAGGTTC,30879,14059,3662,97,2.1963015647,TRUE,TRUE,368313627,DETECTED,24.2,1
34,S-030,Plate7-C05,1436,1,C05,TCACGACATG,ACCATGCATC,CCGCATCTAT,CGACCTAGAC,0,1,1432,3,0.5,TRUE,Inconclusive,368314341,DETECTED,29.1,1
34,S-031,Plate7-B04,21720,18574,B04,CATCCGGTAG,CGAGAATAGT,CTGTCAGTGA,CAATCCGTAC,1,18573,3070,76,0.0001076774,TRUE,FALSE,368279928,DETECTED,0,1.1991987741722E-10
34,S-033,Plate7-B06,57133,54809,B06,GAGTGTCTAA,GAACTGTAAG,GCTGATTATG,CATGGCAACC,54163,646,1451,873,83.71561051,TRUE,TRUE,368311647,DETECTED,19.4,1
34,S-034,Plate7-A05,10049,989,A05,GGAGTTCTGC,GCGAATATCA,CTAGTACCTA,ATAGCAGTCA,1,988,9042,18,0.0020222447,TRUE,Inconclusive,368313560,DETECTED,18,4.64856215660136E-06
34,S-035,Plate7-E07,37162,33754,E07,GCATGTGACT,CTCAGAATGC,TGTCGATAGG,AGGATCCGAA,31855,1899,2968,440,16.7663157895,TRUE,TRUE,368314354,DETECTED,23.8,1
34,S-036,Plate7-F04,58399,51999,F04,ACGGTGGACT,GTGTCTCTGA,GCTCGGTCTT,CATCACGTGT,13033,38966,5835,565,0.3344881566,TRUE,TRUE,368313617,DETECTED,31.6,1
34,S-037,Plate7-G03,23599,20846,G03,TCTGACATGT,AATCAGCTTC,CCTGACTAAG,AACCTCGGAA,173,20673,2726,27,0.0084163684,TRUE,TRUE,368313585,DETECTED,23,1
34,S-038,Plate7-H04,34022,30318,H04,ACAGTATACG,CGTATCAGGA,GTCAGCAAGC,GACGCATCTG,550,29768,3695,9,0.0185091874,TRUE,TRUE,368313597,DETECTED,14.4,1
34,S-039,Plate7-G01,3893,1542,G01,GCCGCAATTC,GCGAAGACTT,TTCGCCTATA,GTCATACTGA,239,1303,2351,0,0.1840490798,TRUE,Inconclusive,368314373,DETECTED,24.8,1
34,S-040,Plate7-E05,22045,16946,E05,ACATTGCCAC,GAGACAGGTA,CTACTTGACC,TGCACAGAAC,16699,247,5047,52,67.3387096774,TRUE,TRUE,368314730,DETECTED,19.3,1
34,S-043,Plate7-C03,70182,67858,C03,ATCTCGTACT,TGATTGAGCG,TAACTGTCGA,GAAGCGCCTT,67854,4,345,1979,13571,TRUE,TRUE,368309223,DETECTED,13.9,1
34,S-044,Plate7-F06,50397,43950,F06,GAGCTGTATA,GCATGGTTAT,CGCCTAGATC,ACAGATCCTA,42377,1573,6374,73,26.9237611182,TRUE,TRUE,368314729,DETECTED,25.1,1
34,S-046,Plate7-B02,4854,990,B02,CCAGTCTAGA,ACAATGCTCA,CGCTCAACTT,ACAGACCGTG,174,816,3799,65,0.2141982864,TRUE,Inconclusive,368314738,DETECTED,18.75,1
34,S-047,Plate7-A07,48221,40169,A07,CTCCGCATTC,AGGAATGTGA,AAGAACCTTC,GCTTGTCATG,0,40169,7822,230,2.48941996514812E-05,TRUE,FALSE,368314357,DETECTED,19.1,7.0471159888034E-06
34,S-049,Plate7-H02,60853,55016,H02,TACAGTCTCT,CATTAGGTCT,CTTCGGTCAT,CATAGCGTAT,51964,3052,5435,402,17.0209629872,TRUE,TRUE,368311678,DETECTED,8.2,1
34,S-050,Plate7-F02,30882,30283,F02,ATCTCGGAGG,CAGTCTATTC,CGAGCCTAGT,TCTATGCGCG,30208,75,469,130,397.4868421053,TRUE,TRUE,368314712,DETECTED,22.1,1
34,S-051,Plate7-D02,15179,10882,D02,CCTCGTTATC,TGGATGACAT,CTCGTAATGA,GGAGTTCTCA,4146,6736,4287,10,0.6155558854,TRUE,TRUE,368308948,DETECTED,11.8,1
34,S-058,Plate7-F08,67904,65604,F08,GCATATCACA,CGAGACATTG,CTGTGTGGAA,CTTGTACAAC,65505,99,2300,0,655.06,TRUE,TRUE,368314329,DETECTED,12.4,1
34,S-060,Plate7-A03,16929,13006,A03,TTATCGTTGC,GCGGAGATCT,ATAACCATGC,CCGATCAGTA,0,13006,3488,435,7.68816790958715E-05,TRUE,FALSE,368314323,DETECTED,33.4,2.22044604925031E-16
34,S-063,Plate7-B08,37836,36470,B08,GCTATGACTG,ATCTATACCG,CATGTTATGC,TCAGGTGTAC,106,36364,324,1042,0.0029423897,TRUE,FALSE,368314715,DETECTED,13.7,1
34,S-064,Plate7-D08,35696,32289,D08,GGACGCATGT,CGTCATTCCA,CTCGGTATAG,GAATGGACTT,29896,2393,3363,44,12.4883040936,TRUE,TRUE,368309455,DETECTED,21.9,1
34,S-071,Plate7-H08,41629,35217,H08,TCCTCAGATC,TGGAACTACA,TGTTAAGCTC,GTTATACAGG,2388,32829,6324,88,0.072768809,TRUE,TRUE,368300500,DETECTED,33.7,1
35,S-005,Plate11-E12,48092,38609,E12,GAGCTTCCGT,CACGGACACA,CGCAAGATAA,CTAGAGGTCG,17543,21066,9483,0,0.8327716334,TRUE,TRUE,368283814,DETECTED,32.1,1
35,S-007,Plate11-F11,5216,392,F11,CGAGTCGGTA,TTGGCAAGGC,CCTCCGAAGA,TTCATGATGG,297,95,4816,8,3.1041666667,TRUE,Inconclusive,368285402,DETECTED,22,1
35,S-009,Plate11-D11,9428,9123,D11,CCGTACGCTT,TTCTCCTACT,AATGGTTCAG,CACTTCCTGT,0,9123,305,0,0.0001096011,TRUE,FALSE,368285279,DETECTED,31.5,3.37657674143116E-09
35,S-027,Plate11-G12,274,0,G12,CCAAGGTCTT,CCGTATAAGG,CACCAGACAT,AAGTAGTTCG,0,0,274,0,1,TRUE,Inconclusive,368298557,DETECTED,22,2.3751331393403E-09
35,S-030,Plate11-C12,123599,117039,C12,CAGAGAATCT,ATGACAGTCG,ACCGCTGTAC,TCAGAGCTGT,115196,1843,6482,78,62.4712581345,TRUE,TRUE,368314341,DETECTED,29.1,1
35,S-034,Plate11-A12,11398,5949,A12,GACTTGGTAC,CGTGTTGCAC,AGTGACTCGC,TGTCTGTAAC,0,5949,5445,4,0.0001680672,TRUE,FALSE,368313560,DETECTED,18,0.000000003
35,S-046,Plate11-B11,36467,30894,B11,GACTAACCAT,ACCTTCTCCG,TCAACAGAGT,GTGATCTTAC,26772,4122,5564,9,6.4935726413,TRUE,TRUE,368314738,DETECTED,18.75,1
35,S-073,Plate11-A05,65030,60395,A05,GGAGTTCTGC,GTCGGCCATT,CTAGTACCTA,TAGTGAGACC,0,60395,4629,6,1.65573879064839E-05,TRUE,FALSE,368314758,Detected,25.1,2.43871646630522E-08
35,S-074,Plate11-B05,76275,70873,B05,TTGCACTCGG,AGCGATCTAA,TCAGCCTAAT,GTTCATCAAG,62339,8534,5383,19,7.3040421793,TRUE,TRUE,368310207,Detected,17.3,1
35,S-075,Plate11-C05,107036,103458,C05,TCACGACATG,CTTCTCACTA,CCGCATCTAT,ATGAGAGCTC,70154,33304,3571,7,2.1064404744,TRUE,TRUE,368379856,Detected,29.2,1
35,S-078,Plate11-F05,32533,30789,F05,GTCCTCTATG,CACTACTCAA,TATAGCACCA,CGGATCTTGC,0,30789,1737,7,3.2478077297824E-05,TRUE,FALSE,368314736,Detected,23.5,7.78629516319867E-09
34,S-001,Plate2-E04,21506,16605,E04,GTCGAATCGT,CGGATACTCA,CCTTACCGCT,CCAGGTACTA,0,16605,4892,9,6.02191978802842E-05,TRUE,FALSE,368284910,ND,NA,2.22044604925031E-16
34,S-002,Plate2-F03,2128,1755,F03,AATGAAGCGA,TAGACATCGA,AACATTCGCA,CACTTCTAAG,0,1755,253,120,0.0005694761,TRUE,Inconclusive,368283337,ND,NA,8.32068860486634E-12
34,S-004,Plate2-E06,29566,27812,E06,GATAAGACAG,ACGAGACTCT,CGTCTTCTAT,GACACGGTAT,0,27812,600,1154,3.5954409808363E-05,TRUE,FALSE,368285343,ND,NA,6.74623952126632E-11
34,S-006,Plate2-B03,3546,676,B03,CATGTCCTAA,GATAGGCCTA,TCGTACATCT,ACGTGTCGTT,0,676,2725,145,0.0014771049,TRUE,Inconclusive,368285372,ND,NA,9.23930053695758E-08
34,S-008,Plate2-D03,5115,393,D03,GGTATCTACC,AGATGATCGG,TCATCGCTAA,CCGACAGATT,0,393,4691,31,0.0025380711,TRUE,Inconclusive,368284923,ND,NA,2.78584423059467E-05
34,S-011,Plate2-G04,13345,9332,G04,CATCATTACC,CGAAGTAACT,TATTCTTGCG,GACTGACATG,0,9332,3866,147,0.0001071467,TRUE,FALSE,368314353,ND,NA,2.22044604925031E-16
34,S-012,Plate2-C04,1411,699,C04,AAGGCAACCG,TTAGGTGCCT,TTCGTCGGAT,TGGAACGGAG,0,699,712,0,0.0014285714,TRUE,Inconclusive,368311673,ND,NA,6.54138369929587E-08
34,S-013,Plate2-F05,2069,344,F05,GTATCGCGCA,AGCAGATCTT,TTCTTGACTC,GGTTCCTACG,0,344,1477,248,0.0028985507,TRUE,Inconclusive,368298509,ND,NA,0.0001159978
34,S-015,Plate2-E02,3155,32,E02,AGGAGCAAGC,GGTTCTTCGT,GATACTTAGG,ACTACATTGC,0,32,3120,3,0.0303030303,TRUE,Inconclusive,368298517,ND,NA,0.999999952
34,S-016,Plate2-G02,4579,1949,G02,CAGGACTGCT,ACTAGCGAAT,TGGCCGATCT,CCGATGATGA,0,1949,2323,307,0.0005128205,TRUE,Inconclusive,368314387,ND,NA,3.28781692962148E-12
34,S-018,Plate2-A04,11710,10081,A04,GAGACAAGAC,TCGCGATCCT,CAGGTGAGGA,CTACTTCGGC,0,10081,1625,4,9.91866693116445E-05,TRUE,FALSE,368313626,ND,NA,2.22044604925031E-16
34,S-021,Plate2-H03,8841,1215,H03,TCAACTAGGA,CACCATCTAG,AGTGGCAATT,AGTGTCGACT,0,1215,7417,209,0.0008223684,TRUE,Inconclusive,368311672,ND,NA,2.57960464373895E-10
34,S-023,Plate2-D05,5338,3029,D05,CAACCTACGC,TATCCTCACT,TCATATCCTG,GCCTAGTGTC,0,3029,2170,139,0.000330033,TRUE,FALSE,368310201,ND,NA,2.22044604925031E-16
34,S-026,Plate2-G06,9665,6127,G06,AGCCATTCTC,TACACCGTCA,CAGACTGGAC,ATCGCTAACA,0,6127,3501,37,0.0001631854,TRUE,FALSE,368313544,ND,NA,2.22044604925031E-16
34,S-028,Plate2-H05,9311,8478,H05,GCTGAAGTGA,GTAAGAGCAT,CCTCCTCGTA,TGACAACTGC,2,8476,829,4,0.0003538988,TRUE,FALSE,368311643,ND,NA,2.03532043958804E-10
34,S-032,Plate2-B05,5061,2522,B05,TCAGTATGAC,AAGATGTCCT,ACTGAGGTTG,GCGACGATTC,0,2522,2489,50,0.0003963535,TRUE,FALSE,368314363,ND,NA,3.78861803915195E-13
34,S-042,Plate2-A02,12841,9812,A02,GCTAACAGTG,CTTCTAGCAT,CGTTGCTTGA,ATGCGTACAA,0,9812,2470,559,0.0001019056,TRUE,FALSE,368313542,ND,NA,2.22044604925031E-16
34,S-048,Plate2-C02,1495,429,C02,CTTGCCATGA,CATTGGCTTG,AGGTCGCATG,AGTCGTGTCA,0,429,480,586,0.0023255814,TRUE,Inconclusive,368314332,ND,NA,1.09433800501072E-05
34,S-052,Plate2-H07,10090,6976,H07,ACAGTTGCAA,GCATCGTAAG,CCGAACCTAC,AGCCTCCTAA,0,6976,2947,167,0.0001433281,TRUE,FALSE,368314769,ND,NA,2.22044604925031E-16
34,S-053,Plate2-B07,26920,23333,B07,TTAGGAACCG,AACGTGCTAT,GGATCCAATT,ACCTTCCTTG,0,23333,3576,11,4.28559184023314E-05,TRUE,FALSE,368310296,ND,NA,1.64434982074108E-12
34,S-054,Plate2-F07,889,272,F07,CGACTTAAGT,GCTAGCCTCT,TCATCTGTCT,GCCTACAGGA,0,272,617,0,0.0036630037,TRUE,Inconclusive,368311677,ND,NA,0.0014578381
34,S-055,Plate2-A06,9925,5655,A06,CAACCGTCAA,TATTCGTACC,AAGTAGCTAG,GGTATACCTA,0,5655,4217,53,0.0001768034,TRUE,FALSE,368298486,ND,NA,2.22044604925031E-16
34,S-056,Plate2-C06,13489,11017,C06,CCATTCCTAG,GACTTCGACG,CCACATACAC,ACCGCGAAGT,9325,1692,2470,2,5.5085646781,TRUE,TRUE,368309416,ND,NA,1
34,S-059,Plate2-D07,12433,7782,D07,ATCCGTTCGC,CAAGTGACTT,GAAGTGTCGT,TGAGTAGAGG,0,7782,4623,28,0.0001284852,TRUE,FALSE,368311662,ND,NA,2.22044604925031E-16
34,S-062,Plate2-A08,6182,1903,A08,TGACTTGCTC,TTGATGCACA,AGACCTAATG,GTTCTGTACT,0,1903,4279,0,0.0005252101,TRUE,Inconclusive,368314338,ND,NA,4.05301351650838E-12
34,S-065,Plate2-C08,18771,17354,C08,CGTCGCATAT,GTTCGACTTA,AATACCTGGA,GTCGTGCGAT,0,17354,1407,10,5.76202823393835E-05,TRUE,FALSE,368314345,ND,NA,2.22044604925031E-16
34,S-066,Plate2-E08,6538,3362,E08,GGCCATGTGA,GTACCGATGT,TCAACGATTG,ACGTCGTCCT,0,3362,3136,40,0.0002973536,TRUE,FALSE,368311686,ND,NA,2.22044604925031E-16
34,S-067,Plate2-G08,17033,15661,G08,GCTAGTCTTC,CATGTTCGAA,AACTTCATCC,GCGAACAATG,0,15661,1097,275,6.38488060273273E-05,TRUE,FALSE,368309418,ND,NA,2.22044604925031E-16
34,S-068,Plate2-B01,3305,623,B01,GTAGCCGGTA,ACTAGGACGT,AGCCGCTCTT,CGATGCCAAC,0,623,2673,9,0.0016025641,TRUE,Inconclusive,368314768,ND,NA,2.15425575630023E-07
34,S-069,Plate2-D01,21126,16673,D01,TGACACATAC,ACATCTCTCA,CAGTGTTAGA,GTACGGCTGA,0,16673,4448,5,5.99736116108912E-05,TRUE,FALSE,368311633,ND,NA,2.22044604925031E-16
34,S-070,Plate2-H01,3946,2054,H01,CAGGATTATC,GAACAAGCAT,AACCTTCTTG,ATCAGAGGAG,0,2054,1465,427,0.000486618,TRUE,FALSE,368314402,ND,NA,2.08660994247641E-12
34,S-072,Plate2-F01,19104,15493,F01,TGTCTGACTG,AATGCGAAGA,CCTGATAGGA,CGATAAGTGT,0,15493,3603,8,6.45411126887827E-05,TRUE,FALSE,368314785,ND,NA,2.22044604925031E-16
35,S-006,Plate11-B02,8482,27,B02,CCAGTCTAGA,ACGAGATAGG,CGCTCAACTT,TGAACTGTGA,0,27,8275,180,0.0357142857,TRUE,Inconclusive,368285372,ND,NA,2.37760740875928E-09
35,S-008,Plate11-E01,10646,5460,E01,GGTACGTCAC,TCGCCTTCAG,CCTATAAGGT,TATCGTCATC,0,5460,5177,9,0.0001831166,TRUE,FALSE,368284923,ND,NA,2.93177097638928E-09
35,S-012,Plate11-D02,14628,7187,D02,CCTCGTTATC,CACCATAACA,CTCGTAATGA,GACGGAGTGA,0,7187,7374,67,0.0001391208,TRUE,FALSE,368311673,ND,NA,3.13366960464145E-09
35,S-013,Plate11-G01,59841,59749,G01,GCCGCAATTC,AACCATGCAA,TTCGCCTATA,TACAAGGTCG,0,59749,83,9,1.67364016736402E-05,TRUE,FALSE,368298509,ND,NA,2.37871460610355E-08
35,S-015,Plate11-F02,4759,744,F02,ATCTCGGAGG,CCAACCACTG,CGAGCCTAGT,AGTGGCTTAC,0,744,3963,52,0.0013422819,TRUE,Inconclusive,368298517,ND,NA,2.44426449309713E-09
35,S-048,Plate11-C01,7220,869,C01,GGTCTTCCTG,CCAATCGAAT,TGAGCATTGT,CACGTAGACT,0,869,2114,4237,0.0011494253,TRUE,Inconclusive,368314332,ND,NA,2.45607516243883E-09
35,S-054,Plate11-H02,33746,27217,H02,TACAGTCTCT,TACCGCCAGT,CTTCGGTCAT,GTCTTGTAAG,0,27217,6509,20,3.67403923873907E-05,TRUE,FALSE,368311677,ND,NA,6.78435108762958E-09
35,S-068,Plate11-A01,19600,13150,A01,ACGATGAGTC,TCATGGTGGT,CTCGCTATGT,GATCCGACAG,0,13150,6438,12,7.60398448787164E-05,TRUE,FALSE,368314768,ND,NA,3.94384053940388E-09
35,S-076,Plate11-D05,18166,17560,D05,TAGAGCTCAT,TGTGGAATGA,GCTTCCTCTC,GCCTACTTGT,0,17560,606,0,5.69443653550481E-05,TRUE,FALSE,368311658,ND,NA,4.67494399964215E-09
35,S-077,Plate11-E05,30030,25596,E05,ACATTGCCAC,TCACATCCTG,CTACTTGACC,CGTCGTAGTC,0,25596,4429,5,3.90670781732234E-05,TRUE,FALSE,368313575,ND,NA,6.37324185652896E-09
35,S-079,Plate11-G05,14840,9517,G05,ACTCCGGTCT,ACTCATCTGG,AGATCTCTTG,GAATCACGGA,0,9517,5308,15,0.0001050641,TRUE,FALSE,368309244,ND,NA,3.42827137469369E-09
