"","virus_identity","Sample","well_total","Stotal","Sample_Well","S2_total_across_all_wells","lysate","S_index","S_index2","R_index","R_index2","S2","S2_spike","RPP30","RPP30_spike","S2_normalized_to_S2_spike","RPP30_Detected","SARS_COV_2_Detected","Matrix.Tube.Barcode","NPResult","Ct"
"1","S-005","Plate11-E12",48092,38609,"E12",17543,"368283814","GAGCTTCCGT","CACGGACACA","CGCAAGATAA","CTAGAGGTCG",17543,21066,9483,0,0.832771633360232,TRUE,"TRUE",368283814,"DETECTED",32.1
"2","S-006","Plate11-B02",8482,27,"B02",6,"368285372","CCAGTCTAGA","ACGAGATAGG","CGCTCAACTT","TGAACTGTGA",0,27,8275,180,0.0357142857142857,TRUE,"Inconclusive",368285372,"ND",NA
"3","S-007","Plate11-F11",5216,392,"F11",305,"368285402","CGAGTCGGTA","TTGGCAAGGC","CCTCCGAAGA","TTCATGATGG",297,95,4816,8,3.10416666666667,TRUE,"Inconclusive",368285402,"DETECTED",22
"4","S-008","Plate11-E01",10646,5460,"E01",3,"368284923","GGTACGTCAC","TCGCCTTCAG","CCTATAAGGT","TATCGTCATC",0,5460,5177,9,0.000183116645303058,TRUE,"FALSE",368284923,"ND",NA
"5","S-009","Plate11-D11",9428,9123,"D11",47,"368285279","CCGTACGCTT","TTCTCCTACT","AATGGTTCAG","CACTTCCTGT",0,9123,305,0,0.000109601052170101,TRUE,"FALSE",368285279,"DETECTED",31.5
"6","S-012","Plate11-D02",14628,7187,"D02",129,"368311673","CCTCGTTATC","CACCATAACA","CTCGTAATGA","GACGGAGTGA",0,7187,7374,67,0.000139120756816917,TRUE,"FALSE",368311673,"ND",NA
"7","S-013","Plate11-G01",59841,59749,"G01",0,"368298509","GCCGCAATTC","AACCATGCAA","TTCGCCTATA","TACAAGGTCG",0,59749,83,9,1.67364016736402e-05,TRUE,"FALSE",368298509,"ND",NA
"8","S-015","Plate11-F02",4759,744,"F02",37,"368298517","ATCTCGGAGG","CCAACCACTG","CGAGCCTAGT","AGTGGCTTAC",0,744,3963,52,0.00134228187919463,TRUE,"Inconclusive",368298517,"ND",NA
"9","S-027","Plate11-G12",274,0,"G12",0,"368298557","CCAAGGTCTT","CCGTATAAGG","CACCAGACAT","AAGTAGTTCG",0,0,274,0,1,TRUE,"Inconclusive",368298557,"DETECTED",22
"10","S-030","Plate11-C12",123599,117039,"C12",115224,"368314341","CAGAGAATCT","ATGACAGTCG","ACCGCTGTAC","TCAGAGCTGT",115196,1843,6482,78,62.4712581344902,TRUE,"TRUE",368314341,"DETECTED",29.1
"11","S-034","Plate11-A12",11398,5949,"A12",7,"368313560","GACTTGGTAC","CGTGTTGCAC","AGTGACTCGC","TGTCTGTAAC",0,5949,5445,4,0.000168067226890756,TRUE,"FALSE",368313560,"DETECTED",18
"12","S-046","Plate11-B11",36467,30894,"B11",27356,"368314738","GACTAACCAT","ACCTTCTCCG","TCAACAGAGT","GTGATCTTAC",26772,4122,5564,9,6.49357264128062,TRUE,"TRUE",368314738,"DETECTED",18.75
"13","S-048","Plate11-C01",7220,869,"C01",0,"368314332","GGTCTTCCTG","CCAATCGAAT","TGAGCATTGT","CACGTAGACT",0,869,2114,4237,0.00114942528735632,TRUE,"Inconclusive",368314332,"ND",NA
"14","S-054","Plate11-H02",33746,27217,"H02",523,"368311677","TACAGTCTCT","TACCGCCAGT","CTTCGGTCAT","GTCTTGTAAG",0,27217,6509,20,3.67403923873907e-05,TRUE,"FALSE",368311677,"ND",NA
"15","S-068","Plate11-A01",19600,13150,"A01",28,"368314768","ACGATGAGTC","TCATGGTGGT","CTCGCTATGT","GATCCGACAG",0,13150,6438,12,7.60398448787164e-05,TRUE,"FALSE",368314768,"ND",NA
"16","S-073","Plate11-A05",65030,60395,"A05",2958,"368314758","GGAGTTCTGC","GTCGGCCATT","CTAGTACCTA","TAGTGAGACC",0,60395,4629,6,1.65573879064839e-05,TRUE,"FALSE",368314758,"Detected",25.1
"17","S-074","Plate11-B05",76275,70873,"B05",62364,"368310207","TTGCACTCGG","AGCGATCTAA","TCAGCCTAAT","GTTCATCAAG",62339,8534,5383,19,7.30404217926186,TRUE,"TRUE",368310207,"Detected",17.3
"18","S-075","Plate11-C05",107036,103458,"C05",70157,"368379856","TCACGACATG","CTTCTCACTA","CCGCATCTAT","ATGAGAGCTC",70154,33304,3571,7,2.10644047440324,TRUE,"TRUE",368379856,"Detected",29.2
"19","S-076","Plate11-D05",18166,17560,"D05",459,"368311658","TAGAGCTCAT","TGTGGAATGA","GCTTCCTCTC","GCCTACTTGT",0,17560,606,0,5.69443653550481e-05,TRUE,"FALSE",368311658,"ND",NA
"20","S-077","Plate11-E05",30030,25596,"E05",99,"368313575","ACATTGCCAC","TCACATCCTG","CTACTTGACC","CGTCGTAGTC",0,25596,4429,5,3.90670781732234e-05,TRUE,"FALSE",368313575,"ND",NA
"21","S-078","Plate11-F05",32533,30789,"F05",0,"368314736","GTCCTCTATG","CACTACTCAA","TATAGCACCA","CGGATCTTGC",0,30789,1737,7,3.2478077297824e-05,TRUE,"FALSE",368314736,"Detected",23.5
"22","S-079","Plate11-G05",14840,9517,"G05",0,"368309244","ACTCCGGTCT","ACTCATCTGG","AGATCTCTTG","GAATCACGGA",0,9517,5308,15,0.000105064089094348,TRUE,"FALSE",368309244,"ND",NA
